Hours,Attendance,Previous Marks,Assignments,Final Marks
4.4,63.1,69.3,78.9,65.4
9.6,62.3,83.3,50.3,84.2
7.6,95.3,80.6,92.3,73.9
6.4,62.5,44.2,76.8,64.6
2.4,63.6,44.0,49.4,37.7
2.4,88.0,51.1,97.7,60.3
1.5,72.5,56.7,71.1,47.1
8.8,88.8,59.5,44.4,73.2
6.4,53.3,75.8,77.6,66.5
7.4,74.4,38.4,55.2,66.6
1.2,51.7,37.1,88.2,32.7
9.7,53.1,58.5,89.1,78.5
8.5,95.3,76.8,98.7,92.2
2.9,57.0,46.6,70.1,49.6
2.6,76.6,73.5,67.3,68.2
2.7,70.6,50.6,85.2,48.9
3.7,67.4,88.2,47.9,64.9
5.7,95.0,88.7,72.8,75.9
4.9,51.1,52.8,72.8,60.3
3.6,83.2,48.8,45.4,50.7
6.5,98.2,59.7,65.1,68.1
2.3,78.0,49.4,91.2,58.7
3.6,96.8,75.3,91.4,65.8
4.3,52.6,84.6,46.0,50.8
5.1,70.9,75.4,45.4,58.9
8.1,63.0,84.5,55.8,77.8
2.8,86.5,58.8,92.5,65.6
5.6,99.1,44.4,47.7,60.5
6.3,62.8,79.3,83.2,77.5
1.4,82.7,56.6,46.1,38.5
6.5,59.9,75.3,77.4,66.7
2.5,78.3,51.2,61.4,47.5
1.6,73.2,39.9,87.3,44.7
9.5,98.6,94.6,54.0,89.9
9.7,80.4,44.4,78.4,78.6
8.3,67.5,94.3,54.1,76.7
3.7,55.7,93.6,82.8,65.3
1.9,57.6,82.6,92.4,56.6
7.2,61.3,74.6,47.6,62.4
5.0,62.5,69.7,92.0,64.1
2.1,92.5,87.0,75.6,62.6
5.5,78.1,52.4,47.6,56.9
1.3,76.2,63.1,65.7,48.7
9.2,55.7,72.2,49.7,72.8
3.3,93.0,59.7,82.0,58.2
7.0,86.1,60.6,85.5,79.1
3.8,53.4,54.8,46.3,41.5
5.7,85.4,68.9,70.4,64.7
5.9,77.2,86.0,88.9,89.1
2.7,54.1,47.1,96.2,43.6
9.7,72.9,91.1,70.8,79.7
8.0,74.2,76.3,97.0,84.0
9.5,58.3,84.4,72.1,70.7
9.1,97.3,68.4,63.7,80.2
6.4,92.5,81.8,90.9,89.8
9.3,83.5,36.0,69.6,62.8
1.8,73.1,84.1,68.3,46.5
2.8,70.6,37.4,69.4,38.1
1.4,82.5,88.4,90.8,66.0
3.9,77.3,94.5,89.9,76.6
4.5,53.1,52.6,64.2,49.2
3.4,75.6,47.6,60.0,53.7
8.5,90.3,80.9,69.5,89.5
4.2,73.0,50.2,74.4,64.5
3.5,52.6,86.9,54.3,55.8
5.9,89.3,41.2,87.6,52.5
2.3,60.1,42.6,69.2,39.1
8.2,62.9,93.7,60.0,76.3
1.7,58.2,75.4,46.4,45.9
9.9,66.5,85.8,54.3,80.9
8.0,87.8,54.5,97.0,82.1
2.8,76.0,75.6,58.3,62.8
1.0,60.2,70.7,50.1,43.4
8.3,93.9,71.2,67.6,84.8
7.4,94.0,76.0,58.4,78.0
7.6,93.5,69.5,42.1,72.8
7.9,61.9,60.7,59.4,71.7
1.7,72.6,51.6,72.6,47.2
4.2,99.2,81.1,73.1,80.1
2.0,88.6,48.6,61.4,41.3
8.8,51.4,76.5,66.8,71.5
6.6,53.3,49.0,97.9,62.5
4.0,73.2,72.5,62.6,62.0
1.6,95.5,79.8,55.5,63.3
3.8,76.9,48.1,54.6,51.2
3.9,74.9,38.6,67.5,43.2
7.6,55.3,42.9,85.6,67.6
6.7,82.8,71.4,52.4,73.1
9.0,91.1,86.0,82.6,78.2
5.2,69.0,37.7,41.3,49.5
2.1,88.8,79.0,65.1,50.6
7.4,98.2,55.5,86.6,71.9
7.8,60.2,63.7,60.3,63.0
6.1,76.2,90.7,73.8,78.9
7.9,64.4,54.9,52.3,65.4
5.4,89.6,62.9,84.5,61.9
5.7,78.9,35.8,43.1,57.3
4.8,81.7,39.9,91.2,51.6
1.2,89.9,50.5,51.9,46.8
2.0,69.8,36.7,92.5,41.8
1.3,95.8,72.9,61.2,52.9
6.7,76.7,60.6,83.4,72.0
3.8,57.9,67.9,59.2,56.7
5.6,84.8,45.5,94.4,71.1
9.2,89.7,52.8,47.6,72.7
3.2,65.8,74.8,50.7,55.9
4.7,92.9,92.9,69.6,71.2
7.8,95.3,38.0,44.9,65.4
3.1,63.8,88.4,51.8,60.1
1.7,99.2,69.6,96.6,60.7
3.6,57.0,68.8,98.6,50.4
2.5,60.1,65.0,62.6,51.3
9.4,59.2,39.2,95.4,72.6
8.3,94.7,40.4,72.7,67.6
6.7,82.7,71.1,56.2,63.3
8.8,57.6,55.5,82.1,78.7
8.2,72.0,90.0,79.5,84.5
2.7,80.8,59.4,99.3,57.2
9.0,54.2,43.6,55.9,58.1
5.9,94.1,77.9,80.3,70.8
8.3,90.2,52.6,43.1,75.8
9.1,75.3,66.5,46.8,74.6
3.9,98.4,76.9,40.2,59.7
2.0,70.9,89.0,100.0,65.4
3.1,99.2,82.5,88.1,64.6
4.8,83.4,75.6,87.2,76.7
8.4,81.7,75.8,70.6,85.8
8.7,58.3,91.8,58.0,76.0
1.1,94.1,52.7,49.1,42.7
5.6,71.4,35.1,57.1,39.9
4.8,58.1,51.3,62.6,45.8
3.0,50.6,48.1,85.4,41.2
2.1,78.0,74.7,72.4,56.9
4.0,76.4,73.0,44.6,56.2
9.5,86.0,70.6,41.1,71.1
3.9,94.5,36.0,46.1,48.9
5.7,54.0,78.7,64.6,66.6
7.3,86.6,54.4,96.0,76.2
4.3,59.4,74.9,78.2,51.6
9.7,92.9,68.4,88.1,85.6
9.7,91.0,55.6,68.0,72.1
3.3,77.0,43.1,61.7,53.6
5.5,85.5,40.7,46.5,59.5
3.7,65.7,84.9,92.6,61.0
3.6,73.6,90.1,87.0,63.6
1.3,91.1,74.0,50.1,50.2
6.5,73.0,41.2,70.7,49.1
5.5,67.9,59.1,69.2,62.6
1.5,74.7,78.7,77.5,54.1
3.5,91.4,81.8,96.8,74.4
9.2,66.8,42.1,74.8,63.9
3.2,58.7,35.0,72.4,41.2
2.3,85.6,77.7,43.0,47.4
5.4,91.3,56.4,43.8,55.6
9.9,55.0,50.3,51.2,62.5
3.2,62.0,35.8,41.9,45.6
7.0,57.1,67.4,84.6,65.3
7.9,67.4,86.1,83.4,80.1
3.1,72.5,92.5,48.2,58.4
7.6,87.4,68.9,90.2,71.9
4.3,82.6,65.9,49.3,57.9
6.7,81.0,40.1,58.1,63.4
6.7,67.6,67.9,54.9,59.5
5.8,92.1,57.8,62.3,69.5
1.8,73.6,71.4,55.3,46.5
8.5,99.0,58.3,69.3,75.0
3.9,81.7,49.4,64.4,57.1
2.7,56.3,40.7,99.2,44.5
1.4,83.8,53.9,43.4,44.5
6.3,66.3,40.8,48.5,53.3
7.1,84.3,45.6,43.2,62.5
1.1,53.5,94.2,77.6,42.5
5.6,58.7,61.6,43.3,47.2
3.0,92.8,66.9,90.2,65.7
6.8,61.4,87.4,70.7,78.1
2.6,91.9,94.7,71.6,62.1
7.2,64.0,70.0,73.7,68.8
4.5,82.1,83.7,50.2,66.3
9.4,84.7,54.6,51.9,77.5
2.2,75.6,53.3,59.1,37.5
4.1,65.3,59.2,75.6,52.1
2.0,60.6,75.4,52.6,48.0
9.3,51.7,75.9,47.0,76.2
8.9,65.2,53.9,98.2,87.6
3.3,82.7,43.0,41.3,46.0
6.9,96.9,72.9,88.2,71.6
8.4,93.6,42.7,87.3,76.0
6.0,88.3,69.7,57.8,74.8
5.8,89.4,76.6,48.1,68.9
3.2,83.2,77.0,48.7,53.7
1.8,63.0,80.2,81.8,60.0
9.1,95.4,87.4,78.6,92.3
9.1,83.5,65.0,87.0,76.0
6.7,78.0,78.8,96.2,79.0
4.1,55.5,72.2,81.5,64.3
4.1,72.4,46.2,49.4,56.0
7.5,73.0,36.5,54.6,59.7
9.1,93.2,52.1,90.5,77.9
9.0,77.3,61.6,52.6,79.5
8.0,69.0,72.0,44.4,64.0
6.8,98.8,86.0,82.2,83.9
1.8,55.5,46.8,64.2,34.2
2.5,71.1,42.5,95.2,55.3
9.1,52.1,92.8,79.0,80.7
6.5,87.0,41.5,45.4,65.8
1.1,95.9,63.7,96.9,59.1
1.9,64.0,70.1,55.5,42.7
7.0,92.9,67.5,60.2,79.5
1.0,64.6,40.2,64.1,45.9
2.4,95.5,38.4,43.1,49.9
5.9,87.7,41.3,69.8,57.2
7.2,90.2,70.1,47.4,69.8
6.9,50.9,67.7,64.1,65.0
3.0,98.1,49.0,61.0,50.5
7.4,86.3,73.3,86.4,86.6
3.1,65.2,84.2,88.2,63.1
3.9,91.5,37.5,49.2,37.1
7.7,64.1,64.9,62.0,70.2
6.8,93.6,76.4,62.4,73.1
8.6,55.6,50.1,49.1,63.2
6.9,85.2,53.5,87.9,68.6
6.1,77.0,71.8,82.4,74.7
1.8,54.8,88.9,51.4,57.2
4.3,62.1,83.6,62.0,63.3
3.4,50.6,70.0,46.3,48.3
3.2,73.4,78.8,77.7,61.0
9.8,65.1,56.9,47.3,71.6
4.5,79.9,73.5,99.2,64.6
9.0,64.9,63.0,86.8,79.3
6.7,65.0,46.4,63.4,62.2
8.2,87.2,77.1,74.7,88.2
5.5,52.4,68.4,94.7,70.7
6.2,95.1,56.5,73.2,65.2
5.4,92.6,89.7,50.5,76.0
2.8,83.4,36.3,62.7,42.0
7.5,79.7,53.9,90.6,75.4
3.5,94.6,38.4,78.7,51.9
1.2,59.3,81.0,79.0,47.1
6.8,53.9,77.1,92.0,72.9
2.6,62.0,54.9,93.6,38.6
9.5,89.7,75.5,95.2,79.4
9.6,51.7,58.8,45.7,67.5
9.2,79.1,80.4,72.6,83.4
4.3,99.8,62.3,84.4,64.5
1.1,92.8,59.7,85.4,45.2
9.4,76.1,91.1,76.4,82.8
4.9,53.2,50.1,50.0,52.3
9.7,91.6,42.2,87.8,81.0
9.7,79.9,70.1,83.2,83.4
8.7,55.7,93.2,45.2,82.1
3.7,54.7,57.7,67.8,53.4
4.5,95.5,38.7,50.4,50.3
8.7,83.5,55.4,60.2,71.4
3.9,91.5,65.4,41.1,50.7
2.5,93.9,44.7,64.0,50.0
6.0,78.6,74.5,73.0,75.6
9.4,75.9,94.9,77.2,91.6
7.3,71.5,62.1,79.8,77.5
6.1,65.8,56.3,90.2,63.4
1.9,71.7,59.0,52.9,53.4
6.5,88.7,41.9,47.2,59.2
9.9,80.1,88.0,91.1,98.1
2.3,94.6,59.9,49.4,52.2
5.7,72.2,58.2,98.5,70.2
8.9,80.4,74.6,90.6,90.6
7.7,81.6,61.5,70.1,71.3
7.3,79.6,73.9,98.9,79.6
7.3,85.1,38.7,45.8,67.5
4.2,61.9,83.8,58.2,60.3
3.6,75.6,91.4,78.3,60.3
8.3,55.2,73.9,61.0,82.1
8.3,69.2,92.3,95.7,82.6
8.8,74.4,44.1,43.9,66.3
9.2,82.6,63.6,73.0,84.5
5.6,97.5,71.1,75.5,68.7
5.5,80.0,69.9,79.2,63.1
8.2,87.2,59.1,55.3,73.4
6.8,75.3,55.3,61.9,55.8
7.3,81.7,42.6,90.6,66.8
8.2,53.5,58.5,51.7,65.9
9.0,62.7,44.8,89.6,69.6
4.0,68.1,79.1,73.8,54.7
4.4,73.6,47.5,85.7,65.2
1.8,52.3,38.5,82.8,41.2
6.2,57.0,68.1,52.5,68.6
1.3,63.8,70.7,74.1,48.3
5.2,98.6,87.3,92.1,73.5
5.9,66.6,69.6,65.9,66.1
3.6,74.1,55.7,98.0,57.8
6.3,59.8,83.2,67.1,63.1
1.3,80.5,67.4,48.6,55.5
1.3,64.0,39.8,63.4,35.7
8.4,60.3,69.0,97.1,67.5
4.2,75.8,89.5,59.2,72.2
2.1,50.3,58.8,92.1,46.3
5.7,50.4,52.8,92.9,56.8
7.9,61.0,43.6,61.0,53.3
2.9,51.8,44.1,45.0,49.2
6.6,55.4,61.0,83.5,58.6
1.8,66.9,70.7,58.7,50.0
1.5,90.1,39.8,87.0,52.8
5.8,78.6,91.4,66.6,75.5
5.9,75.6,80.3,69.1,69.9
6.7,64.7,70.2,86.7,61.9
7.5,96.6,84.7,62.9,76.4
9.8,69.9,39.8,66.6,71.1
5.6,54.4,63.6,62.6,55.0
3.9,80.9,72.8,62.0,62.0
8.2,55.7,84.7,71.6,79.4
3.4,67.3,82.0,88.5,68.0
5.0,75.4,51.6,61.7,51.2
1.7,93.7,91.5,71.5,73.8
1.2,74.7,42.5,80.2,47.8
9.7,85.1,87.5,56.2,85.6
8.5,99.6,93.3,56.7,91.6
7.3,56.6,45.6,96.0,76.8
4.7,63.7,78.3,83.4,58.0
2.6,69.7,37.4,74.6,44.3
2.4,71.1,59.3,78.9,40.4
3.3,70.6,66.0,41.8,52.7
5.9,95.4,69.8,77.1,74.1
7.4,85.7,91.2,70.6,80.8
6.9,80.4,75.3,72.7,70.5
3.5,65.5,63.9,61.6,43.5
9.6,91.2,83.6,44.9,85.5
7.6,97.8,92.0,51.6,88.8
6.0,91.1,36.3,97.0,61.7
6.5,50.1,94.0,64.5,72.8
4.8,81.8,40.2,68.0,47.6
3.2,52.6,83.9,43.2,55.7
4.2,62.9,51.8,42.3,47.2
7.8,53.0,42.9,83.0,59.4
1.1,80.2,61.4,72.3,45.4
2.0,84.3,73.6,70.5,54.5
1.4,55.7,57.9,54.6,43.5
1.4,69.2,38.3,84.7,36.4
8.7,72.8,71.0,50.1,71.8
7.3,68.5,89.1,51.4,73.5
5.3,56.1,58.0,67.6,51.8
1.9,70.9,48.0,57.2,52.8
5.4,87.6,61.6,54.8,58.9
5.3,53.6,37.9,78.7,49.1
2.6,54.0,84.2,79.1,52.1
4.9,67.7,84.6,89.5,78.5
4.6,97.1,70.3,65.1,69.1
6.5,83.4,56.2,44.4,58.3
6.7,83.9,83.0,56.4,79.1
1.4,68.1,68.3,98.8,54.8
4.4,79.7,84.6,75.8,69.4
6.6,50.5,72.9,82.6,65.7
5.5,81.8,82.1,40.4,62.6
8.7,95.7,70.9,71.1,83.2
6.9,80.6,59.8,42.3,61.8
2.5,93.7,92.5,74.2,75.5
1.6,86.2,67.5,95.2,51.0
6.8,56.0,71.3,98.1,78.8
1.2,95.1,48.2,72.4,48.0
6.3,53.3,72.5,67.5,66.1
9.5,76.7,69.3,96.7,88.1
6.2,57.1,46.1,80.4,55.9
4.5,50.6,38.6,43.9,48.4
6.8,71.1,71.3,67.9,56.1
5.1,64.8,80.8,54.4,59.6
5.9,74.3,66.4,68.2,61.0
9.5,78.9,48.6,67.3,67.4
4.5,52.2,75.0,74.9,58.9
9.7,56.2,39.8,61.4,68.3
9.1,77.9,61.5,49.9,76.9
2.8,67.2,44.8,70.2,48.4
1.6,86.5,46.1,89.8,46.9
1.9,82.6,47.1,79.8,51.1
1.2,92.3,58.2,60.3,49.8
1.8,84.6,38.1,96.1,53.7
7.1,71.5,58.9,94.7,74.9
1.6,83.6,65.7,52.6,50.1
3.9,63.8,64.0,42.4,47.5
8.6,65.3,58.0,84.5,70.0
1.2,89.4,85.3,89.7,58.4
8.3,72.3,43.7,98.1,69.8
3.5,89.9,65.3,93.4,65.2
2.1,91.1,38.7,76.0,52.2
7.3,92.9,39.3,71.8,66.4
6.7,95.8,69.4,41.7,69.8
8.9,71.5,69.0,54.8,75.1
7.6,65.9,87.7,67.6,73.7
8.2,79.1,68.5,77.7,72.1
3.5,68.6,92.6,73.4,56.0
2.6,80.1,37.9,84.6,45.7
7.8,85.3,40.9,56.8,67.5
8.3,84.4,37.6,73.9,64.8
9.9,68.7,46.1,45.3,67.8
4.7,58.3,67.5,64.8,60.4
4.3,71.5,73.7,85.0,66.8
8.0,57.1,37.7,81.6,57.6
4.1,94.5,91.8,99.4,80.7
9.4,67.3,85.5,56.7,86.2
8.7,57.7,52.8,69.9,62.7
4.9,51.3,39.6,59.8,44.1
7.8,82.3,45.2,66.4,73.2
7.8,81.8,42.6,91.4,69.4
1.9,67.0,42.4,81.1,33.8
9.1,53.6,66.1,92.9,69.3
5.5,70.5,49.8,52.2,54.9
8.4,65.6,56.5,92.4,67.5
3.9,83.9,94.4,43.6,63.2
9.1,80.3,76.1,93.3,84.9
4.5,68.2,91.9,59.7,73.2
1.1,60.9,43.6,58.9,36.5
9.1,99.4,57.9,70.7,85.1
1.8,72.7,68.3,96.4,62.9
3.9,84.4,39.6,42.9,56.0
9.6,57.0,35.3,61.1,66.2
9.6,74.3,75.2,91.4,74.9
6.2,51.4,73.5,63.8,65.9
6.7,75.3,59.6,51.9,69.4
5.0,98.2,64.4,65.5,65.9
3.6,69.2,59.9,63.1,62.6
4.0,51.9,36.4,94.9,53.8
7.1,51.5,55.1,85.7,67.4
7.8,69.4,45.6,70.3,70.8
8.1,58.0,40.9,99.3,68.8
8.1,51.2,92.4,67.9,64.0
1.8,87.8,71.0,43.5,49.2
5.4,72.9,78.7,55.7,71.4
1.5,64.5,53.9,66.2,40.2
5.9,95.0,58.6,49.4,63.5
5.0,55.8,49.2,96.9,52.7
9.0,97.8,40.8,86.0,85.1
4.2,65.7,45.7,56.1,58.4
2.1,94.4,82.9,75.4,58.0
2.3,80.1,75.7,83.3,60.0
7.9,91.3,67.8,96.5,77.3
6.6,99.2,63.5,92.9,79.0
1.9,64.4,90.3,70.9,59.8
1.8,98.1,39.4,86.5,54.8
7.3,69.5,51.8,73.7,67.7
1.7,69.3,56.0,73.2,62.3
8.4,67.0,81.9,46.9,69.3
7.4,77.1,94.6,47.6,68.3
1.7,57.7,49.4,71.8,41.1
1.8,77.7,87.5,56.1,48.7
9.9,77.1,84.8,41.3,74.2
4.4,88.1,48.5,83.4,55.1
4.3,91.7,59.0,41.9,52.8
8.3,72.0,59.6,75.7,67.9
9.5,65.1,93.7,72.4,87.8
9.9,63.0,45.9,98.1,73.2
7.8,59.7,82.9,69.1,73.6
4.4,52.9,55.1,43.8,53.6
1.8,67.1,78.9,73.1,50.5
8.0,63.5,60.2,90.5,71.0
6.0,98.3,69.7,99.8,78.4
4.8,77.9,85.0,65.8,58.0
9.2,67.4,83.2,59.2,67.6
2.0,79.0,87.0,94.4,64.8
5.4,57.0,38.6,51.5,52.1
1.1,72.2,76.5,76.9,63.1
5.2,81.3,43.4,64.3,57.9
1.5,74.4,59.9,42.5,48.6
2.1,70.1,67.9,60.8,49.9
2.1,99.7,59.2,55.9,54.9
6.8,94.0,66.2,81.2,83.0
7.7,81.2,94.8,96.9,75.5
6.3,78.5,43.1,56.1,61.2
9.7,81.0,75.5,88.7,96.8
4.4,60.1,58.8,43.3,53.0
3.6,69.8,43.0,72.3,58.6
8.8,52.0,44.5,44.2,58.0
3.0,73.8,92.0,96.0,67.1
9.7,77.2,87.8,86.0,88.8
1.1,61.4,89.4,79.5,43.8
9.7,98.2,94.5,89.4,89.5
1.4,95.5,47.5,78.9,44.6
9.0,86.1,56.3,98.1,84.4
5.7,76.7,75.2,82.8,74.6
9.9,93.5,64.0,95.5,88.5
1.7,56.5,60.1,71.0,50.1
6.0,89.5,56.5,47.0,62.1
9.7,56.2,70.6,71.7,83.1
5.7,89.7,69.5,47.6,65.9
6.7,63.8,44.7,75.5,61.2
7.3,93.9,63.3,68.9,72.3
5.1,97.2,68.2,77.4,72.8
6.6,57.4,69.2,40.6,59.3
6.3,73.1,47.6,51.7,63.6
9.1,99.0,79.5,69.5,80.3
1.4,74.2,36.5,97.0,39.7
3.5,93.2,56.3,63.0,60.7
9.6,79.4,81.8,65.5,83.4
9.0,68.8,68.8,82.9,76.1
5.1,64.3,50.7,76.2,61.8
6.6,60.2,76.7,57.9,63.8
3.5,88.1,69.0,64.6,59.3
2.7,69.3,82.8,53.1,63.1
5.2,75.6,79.1,98.0,79.4
4.2,74.6,71.6,47.8,66.1
6.3,78.9,64.3,62.3,65.1
1.7,93.3,43.0,41.6,49.9
9.8,99.0,50.7,53.3,72.6
9.9,70.4,60.1,86.8,75.2
7.3,91.4,71.0,52.1,61.2
5.8,88.2,65.8,44.8,72.8
3.8,78.7,52.3,68.5,50.7
8.3,97.8,35.4,40.6,64.7
7.2,60.0,64.8,45.1,58.9
2.5,55.5,52.1,88.5,52.2
9.2,92.7,79.1,86.3,85.5
8.4,72.0,36.4,94.9,62.4
9.5,92.3,70.1,91.3,88.6
7.5,94.7,91.5,81.0,77.6
6.5,53.1,45.5,43.1,49.3
4.8,94.2,63.3,87.0,57.1
9.4,72.4,40.5,90.7,66.0
8.8,75.5,72.5,87.9,81.7
1.4,81.3,68.0,70.5,42.3
1.2,96.3,59.4,54.0,42.0
4.4,51.0,66.3,90.7,59.1
8.3,73.8,88.8,83.6,80.3
9.9,84.4,46.8,98.8,90.4
2.4,86.1,36.4,49.3,53.1
6.3,84.6,86.7,53.5,68.7
4.4,56.7,69.6,52.7,58.3
9.7,65.0,88.4,87.6,90.4
8.6,67.9,70.8,51.2,69.6
8.5,90.2,83.6,44.0,72.0
5.2,63.9,60.8,99.9,64.1
4.7,60.5,80.0,41.5,57.9
3.5,97.9,89.8,90.1,70.1
1.5,50.4,69.3,61.9,47.6
8.8,99.9,45.8,90.5,74.3
8.3,83.8,51.1,73.3,66.4
10.0,91.4,46.9,94.1,82.0
10.0,64.7,49.8,95.6,79.1
6.0,50.7,53.4,40.5,47.4
7.9,86.9,68.3,44.5,76.8
9.5,91.7,70.3,55.0,72.1
8.6,87.0,60.6,80.2,74.8
3.2,57.1,71.9,93.3,56.9
5.1,87.7,39.9,67.6,54.3
2.2,88.4,40.3,76.4,46.1
9.6,82.9,45.3,51.3,80.8
6.5,88.3,66.1,88.3,69.2
3.1,92.3,47.8,98.0,70.6
7.0,80.7,52.0,56.1,66.8
6.6,54.4,59.0,69.7,62.6
4.2,74.4,83.7,45.2,63.9
2.0,53.9,35.8,73.5,52.2
7.0,70.4,74.0,70.2,66.3
5.7,70.4,75.1,48.7,58.3
8.0,53.3,82.9,66.5,69.7
5.7,67.4,91.0,60.0,69.9
8.7,55.5,36.2,71.3,54.5
6.0,90.4,44.2,75.1,63.7
6.0,97.4,88.2,40.5,81.5
8.9,53.6,62.5,85.7,74.2
4.6,97.8,68.9,82.8,67.3
2.2,76.1,74.8,62.0,51.6
1.3,65.0,75.7,43.2,51.2
7.8,53.8,90.9,85.3,74.0
6.6,75.0,94.8,97.3,90.4
7.3,89.7,78.2,54.4,84.8
2.9,85.4,52.2,59.4,53.1
2.2,52.5,87.8,51.0,52.1
1.1,53.6,38.0,74.6,42.3
4.2,70.1,48.9,49.3,56.3
6.3,64.8,88.8,61.4,66.8
4.5,61.6,50.4,81.8,52.8
4.9,64.1,48.2,73.6,48.9
9.1,90.2,43.3,63.2,74.4
4.1,96.5,86.5,65.2,72.7
5.6,70.3,65.0,73.7,57.5
8.1,95.3,75.5,40.4,73.8
4.6,66.1,49.3,44.7,44.1
6.6,73.8,80.5,92.9,71.5
8.8,61.3,80.6,44.7,76.7
9.5,82.0,53.8,82.4,74.5
2.3,98.9,59.6,95.2,58.5
9.3,80.2,47.6,56.2,63.2
5.4,67.9,93.6,62.2,70.8
3.3,82.4,73.7,74.1,61.0
5.1,56.1,91.1,92.9,66.7
9.8,94.4,53.2,96.5,82.7
5.4,75.2,81.9,84.4,72.1
4.0,72.5,81.0,45.2,55.5
6.7,79.3,76.5,80.1,66.9
3.2,81.2,92.9,64.6,74.0
1.7,53.6,58.6,68.2,41.3
2.2,84.1,42.8,42.9,43.3
2.2,62.1,75.3,51.5,55.5
2.4,85.7,78.8,87.4,79.9
2.2,91.1,69.5,67.2,50.6
6.8,90.2,47.4,58.1,67.0
2.6,77.6,65.3,63.0,50.1
4.1,76.0,53.7,91.3,56.7
9.1,57.1,60.6,84.9,70.6
5.3,88.8,73.7,56.3,61.2
7.0,63.6,79.7,47.1,68.0
2.6,74.8,48.9,55.1,39.6
2.7,64.2,59.3,95.2,59.1
1.4,56.7,51.1,74.9,43.1
2.5,81.5,46.9,72.0,52.0
3.5,52.7,82.0,75.8,56.4
2.6,87.4,89.6,62.0,60.9
1.8,65.9,57.2,88.4,51.3
2.1,50.0,80.1,71.4,46.3
5.1,75.6,88.8,47.0,64.9
2.9,52.3,85.8,47.7,49.2
4.3,63.8,46.0,72.2,48.0
5.5,85.3,92.4,96.2,67.9
7.2,53.1,57.6,58.5,68.6
1.4,92.0,55.4,92.2,50.3
8.2,50.2,38.7,85.8,69.0
6.7,62.3,64.2,54.9,68.7
1.7,87.0,41.5,42.2,35.7
8.9,65.8,49.9,46.1,60.8
9.3,55.1,54.0,83.7,85.1
1.5,68.0,83.5,52.0,60.5
3.5,63.5,87.5,62.3,60.4
8.3,92.1,53.1,70.1,75.2
7.7,65.7,86.5,83.5,75.4
2.7,89.4,86.4,46.8,62.4
2.9,94.6,80.9,64.4,59.4
4.3,71.7,43.8,69.1,42.7
5.4,95.5,76.4,72.4,65.2
6.6,68.9,91.7,89.1,77.9
4.3,98.2,76.0,50.3,59.4
5.2,54.5,54.9,88.5,58.5
7.7,84.4,65.0,81.6,70.2
1.3,74.7,73.7,73.4,48.7
3.3,69.4,65.6,82.0,61.7
7.4,81.6,42.2,64.7,65.8
9.1,85.2,53.7,48.3,72.2
5.6,50.2,83.1,79.9,70.9
5.8,58.3,86.7,71.5,71.1
2.0,85.7,43.2,78.4,56.1
5.0,83.3,92.1,60.3,68.5
5.8,98.3,54.7,94.4,68.4
3.2,88.1,74.7,75.2,56.0
3.4,97.5,80.1,45.1,60.1
4.4,85.1,83.7,67.0,72.4
1.2,64.9,91.7,85.4,64.0
3.9,55.3,53.8,87.6,58.8
2.9,89.1,86.5,69.7,55.4
3.9,82.2,42.9,93.7,62.4
2.1,52.4,77.3,56.1,40.2
9.0,68.0,79.5,64.6,83.1
6.3,97.8,75.7,93.9,76.6
7.1,75.0,50.1,93.8,72.5
8.1,71.6,87.4,81.1,74.4
5.5,72.9,45.1,91.5,66.9
1.8,60.4,38.2,45.3,29.3
5.8,68.4,78.0,91.9,67.8
6.3,68.5,63.5,59.2,58.7
7.7,52.6,85.9,50.7,62.1
4.9,88.4,58.0,54.4,60.9
2.1,70.8,45.1,65.1,53.8
3.6,91.1,85.2,55.1,78.0
4.3,92.5,67.9,59.2,63.3
6.8,60.6,46.4,48.1,62.6
6.1,82.9,78.2,57.8,71.2
4.2,73.6,65.7,74.3,62.8
9.9,94.0,71.3,66.5,83.1
6.5,60.8,62.7,60.8,63.8
3.1,83.9,84.7,84.8,68.4
1.9,80.4,84.8,93.6,59.3
2.4,64.8,77.6,85.4,57.1
3.2,56.8,41.3,59.9,43.6
2.4,82.6,85.3,84.7,67.3
2.7,86.9,75.3,49.1,51.5
3.6,65.8,76.8,47.8,55.7
2.6,82.2,56.8,60.7,61.2
9.1,69.8,87.8,88.5,91.2
1.7,85.7,78.5,54.8,61.6
5.7,60.0,41.8,43.8,51.2
4.7,94.5,59.5,47.9,62.0
9.8,64.4,88.2,91.5,92.4
2.0,68.4,37.8,78.0,51.5
4.6,52.9,92.7,55.2,53.0
9.7,55.6,75.7,73.3,72.2
8.8,75.8,72.9,71.7,85.1
8.4,63.4,51.2,79.3,68.0
3.3,91.8,49.9,54.0,49.6
2.5,50.7,91.5,91.9,53.9
7.0,69.0,52.9,58.6,60.2
9.4,66.9,81.5,81.6,76.0
6.0,51.0,58.6,41.0,65.4
6.1,56.2,43.4,62.4,54.9
3.5,70.7,35.6,61.1,45.9
7.9,74.6,67.7,72.6,76.7
2.7,70.2,93.5,44.4,63.0
3.9,76.5,57.1,87.4,63.9
4.8,79.8,56.4,53.1,63.0
5.6,50.5,55.6,80.6,55.3
3.2,73.2,66.2,88.2,57.4
2.0,98.2,61.4,73.7,60.0
6.5,76.0,87.8,84.5,74.3
3.6,83.9,65.3,79.7,60.9
6.2,65.6,65.5,61.3,65.7
2.4,88.7,43.3,88.5,56.3
5.3,88.6,94.0,57.7,64.2
5.8,76.1,50.0,74.3,65.2
1.5,98.8,39.4,84.7,48.4
4.0,56.3,74.8,62.7,60.6
2.2,50.8,70.7,58.2,51.7
1.6,88.5,59.9,67.6,59.4
9.9,90.4,60.3,89.1,91.0
3.9,56.0,82.1,95.8,70.6
8.3,63.3,46.7,72.7,73.8
3.3,50.9,84.2,79.7,60.4
7.1,64.7,73.9,94.2,74.3
7.8,88.7,60.1,45.9,74.3
6.4,75.9,62.5,53.9,68.1
5.2,67.4,50.4,82.5,57.6
4.7,68.6,80.1,89.4,69.6
4.1,50.1,65.8,91.4,57.6
9.4,65.0,54.3,64.9,67.7
8.5,82.3,70.8,45.4,80.7
9.7,98.7,94.7,66.3,92.3
2.1,92.4,61.1,53.8,62.5
7.6,51.2,90.2,57.5,64.4
9.4,94.9,55.7,86.3,78.8
2.6,89.2,38.3,44.5,45.3
1.6,89.0,47.3,89.7,56.7
7.7,72.9,60.1,65.7,71.4
6.2,69.9,48.2,75.8,63.1
8.6,65.1,35.0,45.4,54.8
2.3,53.3,89.9,60.2,48.9
8.2,61.4,85.6,45.4,75.1
2.8,62.3,79.5,97.7,53.9
2.5,74.2,45.1,88.4,47.7
2.5,87.4,42.2,67.6,51.5
8.3,73.7,39.1,53.4,58.6
7.0,52.9,78.4,96.0,81.0
5.7,97.9,90.7,60.7,82.0
4.2,97.1,60.8,49.7,52.0
8.9,89.3,42.1,73.8,68.0
4.5,99.6,65.7,96.6,58.4
8.3,77.2,55.9,40.2,63.4
5.0,98.1,57.5,54.3,66.3
4.4,53.8,72.3,96.3,60.2
5.2,68.3,78.1,50.3,65.1
3.7,61.3,41.6,46.8,37.1
7.7,59.8,37.1,74.2,65.2
5.5,57.0,94.7,91.7,70.0
3.1,81.1,49.0,68.6,52.1
9.1,89.1,38.2,99.7,75.6
4.5,78.9,46.4,80.8,51.2
5.9,57.3,37.3,44.4,44.2
9.2,90.6,58.5,99.6,87.6
6.6,81.8,83.1,64.5,76.1
2.1,69.4,55.5,57.2,51.7
9.5,83.7,61.7,73.5,81.1
6.6,63.0,75.5,58.3,67.8
4.0,67.3,65.5,45.2,45.3
2.3,95.9,86.7,40.1,57.9
8.1,64.5,87.0,67.0,77.3
6.6,73.5,35.6,90.2,71.8
5.8,94.5,81.7,74.3,78.3
9.0,85.4,62.6,100.0,90.0
8.1,53.1,94.3,57.2,78.8
2.4,57.4,64.0,56.8,44.0
3.8,50.4,94.2,49.6,59.7
3.2,81.5,80.3,49.8,60.2
7.7,72.4,49.9,57.1,60.3
1.3,56.7,67.3,87.6,47.3
6.1,97.9,94.5,94.3,82.4
7.9,76.5,86.5,98.5,91.7
8.9,62.1,40.8,53.9,53.5
4.1,75.0,77.4,92.9,72.5
8.4,84.0,55.7,59.7,67.2
2.0,53.8,35.4,46.8,28.5
8.6,63.7,59.2,92.2,80.3
2.1,90.3,49.1,78.2,55.5
4.6,73.0,84.1,49.9,69.7
8.2,77.3,55.2,65.8,74.6
2.3,71.6,84.7,57.2,66.7
3.1,52.2,35.0,84.2,47.2
7.5,58.3,53.5,67.2,63.3
7.5,72.3,49.5,99.4,72.2
6.8,60.5,49.0,43.3,63.3
7.2,52.5,39.1,61.3,52.7
5.9,92.2,46.2,68.9,60.0
3.3,99.1,68.3,70.2,60.8
4.1,89.7,52.5,59.0,46.4
2.6,92.7,60.0,83.8,58.9
9.2,62.1,57.6,92.5,66.3
6.3,98.0,87.6,96.3,82.6
4.6,59.8,89.3,88.3,72.4
5.2,97.6,64.6,91.0,68.4
9.5,99.7,54.8,73.0,89.0
2.4,85.6,41.4,89.6,44.1
6.3,99.1,92.2,58.2,84.2
5.6,78.5,38.6,63.9,59.8
6.5,63.0,52.9,59.0,51.5
1.2,71.8,52.9,68.0,58.2
8.8,79.7,54.2,57.1,71.2
9.4,53.7,44.9,97.7,67.4
6.1,81.1,82.0,58.8,64.0
7.3,99.1,42.3,45.9,63.8
9.3,59.5,73.1,71.6,76.5
7.4,89.6,42.4,43.4,63.6
2.4,95.4,39.2,46.6,44.7
6.2,97.2,89.6,53.2,79.2
6.5,98.0,46.4,67.9,64.5
4.8,76.1,84.3,66.0,57.5
7.6,98.9,67.7,88.0,79.1
9.4,87.9,39.7,84.4,63.2
9.3,58.1,92.3,65.6,83.5
5.1,73.8,49.8,60.0,51.7
2.0,85.9,86.6,59.0,59.8
9.9,62.4,45.1,86.4,80.2
8.6,82.0,86.2,43.1,74.1
2.1,83.3,35.8,40.8,46.2
9.3,58.1,65.7,87.7,74.9
8.8,78.3,81.2,68.6,89.9
5.7,88.6,91.1,47.9,70.4
6.3,74.9,89.6,54.1,67.8
4.6,50.6,84.2,96.0,69.3
1.5,50.5,88.3,91.6,53.4
4.0,67.9,47.0,82.6,49.9
8.2,96.3,52.1,68.9,71.5
1.0,61.4,52.3,71.2,41.9
4.0,81.7,57.6,98.5,69.1
4.6,61.1,58.6,97.9,50.9
5.8,66.1,67.7,52.9,61.9
9.3,92.4,44.6,88.7,80.8
4.1,86.4,76.5,51.8,63.3
4.1,54.8,45.1,52.8,53.3
7.6,71.4,53.6,80.6,68.7
5.1,51.5,65.2,64.3,56.4
3.0,74.0,82.8,95.9,67.5
5.1,83.1,79.4,45.3,65.6
2.3,55.9,73.7,70.7,50.0
2.6,64.4,44.3,95.1,52.1
5.5,69.9,67.8,94.2,64.4
4.8,96.0,40.2,49.4,52.4
9.2,99.7,57.6,62.0,76.1
4.3,52.2,59.8,77.1,61.8
6.2,88.1,37.4,49.6,41.9
6.7,68.6,51.4,98.1,69.3
1.1,69.6,92.3,94.9,59.9
7.0,87.7,92.2,50.0,68.8
2.6,95.9,56.1,47.3,53.8
9.6,97.5,37.6,45.1,73.5
2.3,78.9,45.7,94.6,54.7
4.7,67.9,58.5,51.6,42.1
1.8,89.4,91.9,65.0,68.3
10.0,62.6,43.5,66.9,66.9
5.5,78.2,80.8,75.9,73.9
6.4,67.9,41.5,44.3,58.8
1.6,82.8,93.9,53.6,54.0
7.7,62.0,57.9,95.9,74.4
2.9,59.6,81.5,94.5,58.8
9.1,95.9,55.6,86.9,70.4
2.8,55.1,72.7,41.2,54.6
2.7,75.3,46.5,59.6,43.5
1.3,61.0,43.8,77.7,37.3
5.2,51.9,91.3,56.5,62.4
6.1,51.8,90.1,94.6,74.3
1.6,58.8,88.2,78.0,55.2
8.0,93.3,72.5,44.3,77.8
5.1,64.1,83.5,94.5,63.2
5.7,97.5,39.1,97.5,62.1
5.0,79.1,55.1,44.7,56.0
4.6,71.8,53.8,71.9,66.9
6.0,79.0,73.1,58.2,66.9
2.4,75.8,56.4,63.6,55.4
2.6,87.9,43.9,50.8,47.7
8.8,64.1,70.8,74.7,73.6
9.5,67.7,83.9,97.5,85.4
4.4,94.7,57.9,70.2,61.4
3.4,97.3,42.9,45.0,54.0
6.8,94.6,46.8,77.2,75.2
4.7,71.0,49.2,60.4,56.3
1.2,89.0,53.0,91.4,57.5
2.4,73.8,73.6,66.1,50.3
7.4,74.9,71.1,51.6,67.9
6.9,60.2,76.8,51.5,63.3
1.2,79.6,56.8,86.1,51.6
3.0,59.3,84.4,55.9,54.3
3.1,66.6,47.2,86.0,54.9
7.0,92.8,63.1,52.4,65.2
1.2,60.4,83.1,59.3,50.3
1.9,53.6,45.8,67.9,44.7
8.2,53.5,41.6,96.6,56.0
2.6,97.0,88.0,95.9,79.9
6.9,75.3,55.6,52.4,62.3
3.1,70.5,76.0,61.5,46.8
1.9,90.5,36.5,49.0,43.8
3.2,91.8,76.4,70.6,63.2
7.5,66.6,54.0,67.6,65.5
8.7,84.7,38.3,94.0,77.9
8.5,88.6,71.6,95.8,87.1
4.6,82.7,49.4,63.0,58.4
7.0,57.6,58.2,69.5,66.2
2.8,93.8,39.8,93.8,54.0
3.6,77.0,43.8,88.4,63.3
9.1,64.1,52.9,40.2,59.2
1.1,71.3,40.4,59.2,39.8
1.8,51.9,89.6,65.3,53.7
2.9,56.4,35.4,53.8,44.2
1.2,88.3,64.0,52.0,44.6
2.6,50.0,42.4,42.3,29.4
6.2,70.8,53.5,78.6,64.5
4.8,76.1,90.6,55.8,69.0
9.0,52.7,44.7,43.1,69.4
8.4,98.7,92.9,53.9,78.7
4.1,61.3,47.3,88.1,59.8
3.3,65.2,79.5,91.1,73.9
4.4,65.2,67.8,69.0,57.2
6.3,61.5,88.1,65.0,64.1
3.4,50.1,68.2,98.7,55.2
6.6,86.5,67.1,52.0,68.4
4.7,98.3,46.7,52.9,60.9
6.0,61.2,45.0,57.5,52.4
4.9,83.2,90.0,50.4,76.1
3.7,87.1,54.7,62.8,50.6
9.5,92.4,57.3,94.7,74.4
7.9,71.1,80.6,76.9,83.1
2.3,65.1,55.3,64.7,36.0
8.8,66.3,92.1,96.1,85.1
5.4,85.6,79.3,42.9,81.8
9.1,90.8,70.8,52.6,79.1
8.2,59.1,87.9,74.0,72.4
4.8,68.5,38.0,76.9,53.1
1.2,95.1,50.4,42.4,44.4
3.4,90.3,62.9,64.2,59.3
5.9,99.2,48.6,78.9,70.2
6.7,87.7,79.6,81.9,72.0
3.3,69.7,90.2,78.3,72.7
2.3,79.5,60.4,59.2,52.2
8.5,83.1,55.5,45.6,73.5
9.9,53.9,92.7,65.6,79.9
5.7,77.2,61.7,47.7,67.5
2.5,85.5,64.3,96.9,58.4
3.5,58.4,56.1,68.5,52.4
1.2,89.0,89.6,59.0,53.1
9.2,79.2,69.1,86.0,76.7
2.1,97.6,80.7,69.9,65.0
6.2,52.1,83.7,58.6,63.8
3.5,63.3,55.5,88.7,50.6
6.0,80.1,61.0,92.0,65.9
6.9,64.8,85.9,80.4,78.4
8.5,85.7,56.8,42.8,67.2
2.9,88.0,82.6,74.0,63.0
1.1,55.1,91.5,85.8,55.3
2.2,75.7,72.4,48.2,42.2
9.1,75.4,79.5,53.7,71.5
8.9,68.5,83.3,92.9,85.5
6.4,96.6,85.7,41.2,69.9
6.4,91.4,58.7,85.2,76.4
7.0,84.9,38.1,68.4,68.0
2.6,85.7,59.1,66.8,57.6
9.2,73.1,75.4,40.4,84.6
4.8,96.0,62.0,89.2,67.6
4.4,84.7,79.9,61.6,68.8
5.7,86.4,56.4,72.4,62.1
1.4,93.1,73.1,80.6,69.8
2.5,63.7,46.2,82.2,57.6
7.6,90.4,80.0,97.4,83.3
1.7,59.8,67.7,71.9,50.9
6.4,67.3,47.2,64.0,66.4
3.2,66.8,52.5,97.2,54.2
4.5,98.9,79.9,78.5,68.0
3.6,92.8,64.0,57.9,63.4
4.2,85.1,48.0,47.6,53.7
7.5,86.4,93.0,90.6,85.9
3.7,78.1,77.9,61.7,57.0
6.1,97.4,92.4,79.6,71.9
5.3,74.8,60.6,68.2,63.1
7.0,69.0,63.5,51.9,69.7
9.4,58.2,88.9,76.1,81.5
7.6,89.3,66.5,43.6,78.1
2.9,86.7,77.4,64.8,56.9
1.3,69.2,50.1,72.8,39.1
3.4,51.3,61.8,66.2,50.3
6.4,91.9,42.4,84.9,65.8
1.5,50.6,47.4,89.7,46.9
5.5,85.2,35.1,86.3,55.9
6.4,98.5,37.4,42.3,66.5
4.0,71.9,93.6,51.6,74.0
7.9,61.7,49.5,72.2,65.5
2.0,85.2,74.8,96.1,67.1
1.7,90.9,85.3,90.1,58.0
7.6,77.3,68.0,90.6,81.4
5.5,98.4,44.2,58.2,66.2
7.2,52.6,78.7,65.8,73.5
4.9,75.2,71.0,68.2,63.6
3.2,85.9,78.9,49.4,44.7
8.4,93.1,81.2,41.9,75.5
8.2,59.0,93.5,96.8,79.9
7.3,90.0,69.4,54.4,67.6
3.4,77.6,55.5,54.4,52.8
6.3,69.8,73.9,45.0,62.8
4.2,56.6,39.1,95.7,48.0
1.8,93.3,88.8,74.8,57.5
9.3,57.9,42.2,80.0,65.2
2.2,65.5,54.7,94.7,57.0
9.6,64.5,83.9,60.7,77.5
5.0,93.6,70.8,77.3,66.5
2.7,83.6,58.6,42.3,47.8
5.9,89.8,63.4,51.2,67.0
8.9,62.5,86.3,89.9,85.3
7.6,81.2,55.4,86.0,57.1
8.3,78.6,87.2,61.0,85.2
6.9,91.6,40.3,62.6,71.1
7.2,95.3,81.6,72.0,74.3
8.6,50.6,85.9,40.0,67.1
3.2,83.7,45.9,54.5,47.6
5.4,52.6,60.8,52.5,51.8
3.0,77.4,44.9,55.0,48.8
9.9,64.4,77.4,88.4,74.3
9.5,65.3,67.1,56.8,69.4
1.4,67.6,73.1,51.5,55.8
7.4,81.1,46.8,70.3,62.1
9.3,66.7,47.7,91.9,80.2
2.6,86.6,37.5,54.5,47.6
6.1,70.2,54.3,44.7,49.3
9.2,53.4,68.6,61.4,75.8
1.3,89.2,86.5,84.9,60.5
7.3,64.3,75.0,73.0,69.6
3.7,71.6,61.1,89.0,60.2
9.3,84.3,92.2,97.6,94.1
9.7,66.6,78.2,87.6,87.4
9.5,52.8,90.8,76.2,88.4
5.3,68.7,66.7,69.6,64.8
8.8,97.2,50.5,42.4,64.9
8.6,82.1,38.2,99.1,70.5
3.9,83.6,78.6,63.0,78.1
8.5,81.6,42.3,49.1,69.7
1.3,59.9,53.2,80.0,56.3
6.4,70.9,66.9,57.1,72.2
3.1,87.5,68.9,75.1,61.5
2.1,55.1,71.0,75.2,52.5
1.7,63.9,45.0,66.7,42.1
7.3,63.8,57.8,90.2,60.5
4.1,71.6,72.0,55.9,58.7
7.5,99.0,93.2,66.9,90.1
1.6,53.4,78.7,72.3,47.7
3.8,75.9,90.4,79.8,69.6
5.9,59.0,80.7,87.0,74.0
8.1,98.5,70.5,63.7,74.2
3.9,55.7,46.5,78.8,48.3
6.6,70.2,75.0,49.0,61.9
9.0,86.9,72.4,96.0,80.9
6.5,85.2,71.1,63.0,64.1
3.1,71.1,64.4,83.8,52.5
1.2,67.3,66.7,41.2,50.9
8.8,69.9,55.1,52.3,64.6
1.2,63.2,66.2,69.2,47.7
8.9,60.3,46.9,92.7,68.7
5.8,74.2,83.3,71.6,76.8
9.5,63.4,46.1,95.8,80.7
8.2,64.4,40.1,69.0,68.3
10.0,82.8,61.2,69.4,81.9
4.2,98.4,74.5,47.2,62.7
7.9,80.2,61.3,88.2,69.4
4.6,53.8,51.6,54.8,60.3
5.3,53.8,68.5,94.0,60.2
6.6,97.6,55.8,94.6,76.9
8.9,64.9,91.0,96.6,91.2
9.9,54.6,90.4,71.2,80.6
7.9,80.0,65.1,80.6,80.5
4.8,81.2,54.7,86.7,66.3
4.8,82.4,79.2,47.9,72.9
7.6,63.4,37.2,76.1,59.5
3.1,50.8,63.5,42.1,39.9
2.0,98.3,55.2,69.9,51.2
4.2,62.5,90.2,49.3,62.7
3.6,83.8,35.7,51.0,48.0
3.7,85.3,68.2,61.9,57.8
3.1,80.5,79.4,65.9,51.1
1.4,65.6,64.1,77.4,51.2
1.2,63.6,40.1,44.5,45.5
9.9,79.9,93.3,70.2,91.5
4.8,93.3,66.1,51.0,66.0
4.5,97.3,71.9,74.4,70.8
7.1,55.3,49.2,78.2,64.4
3.0,57.7,64.0,73.4,56.9
9.5,97.2,60.7,84.3,85.5
8.1,86.8,39.5,60.1,65.0
1.8,94.1,41.4,85.9,46.4
4.8,60.1,85.2,66.0,63.0
8.9,79.4,49.4,69.1,73.8
9.5,85.1,46.7,78.9,74.5
5.2,84.0,65.3,41.1,62.3
6.5,70.4,81.1,79.2,75.2
2.5,50.8,38.7,77.1,46.3
9.9,79.1,69.6,58.6,86.6
3.1,62.7,42.2,45.1,43.2
9.5,72.5,37.2,45.5,59.2
6.8,97.9,38.2,95.4,67.4
6.5,70.0,85.0,81.4,74.7
5.6,92.0,42.1,47.6,48.6
3.1,59.4,37.7,61.4,50.2
2.6,83.6,61.3,75.5,56.2
3.0,98.9,85.6,90.1,71.4
2.7,55.1,50.7,42.6,48.9
8.0,50.4,60.3,54.2,61.1
4.2,71.7,37.4,93.4,57.1
1.5,54.6,61.9,40.5,40.3
9.7,87.4,69.7,52.1,79.2
9.0,95.7,69.3,97.5,82.2
9.3,71.7,54.9,76.8,83.2
10.0,62.9,53.9,55.7,70.2
2.6,71.7,41.4,44.0,46.0
4.6,86.2,57.0,41.7,47.3
7.8,50.5,41.0,54.7,63.8
7.3,79.5,81.0,92.9,84.9
2.4,80.7,93.0,65.0,62.7
8.3,81.9,93.2,83.2,84.7
3.0,62.1,86.9,95.1,65.3
3.0,85.7,71.0,64.5,70.1
5.8,54.6,77.1,51.5,53.3
6.3,60.0,52.1,71.0,64.2
6.2,93.9,72.8,94.5,71.9
1.8,86.9,62.3,88.3,55.5
8.9,50.7,63.9,43.9,65.8
3.4,62.4,80.5,81.6,58.6
2.2,60.7,51.9,74.3,46.5
9.0,63.5,54.1,94.4,68.9
9.6,62.4,90.5,47.3,85.5
8.8,53.1,38.4,72.0,54.8
8.3,72.9,64.1,92.8,79.5
6.9,86.6,89.8,64.6,76.5
6.0,80.3,71.6,68.9,63.0
1.8,83.6,67.8,44.2,51.0
4.7,54.1,50.0,56.7,43.0
4.4,97.6,55.6,59.5,60.7
3.3,91.9,86.1,96.7,63.2
7.5,90.3,68.6,57.0,75.7
5.5,91.1,65.9,67.7,62.8
1.7,96.6,41.0,80.3,47.4
3.0,77.2,36.0,49.7,45.7
7.1,60.0,92.8,69.2,71.2
1.7,80.8,57.6,84.3,51.7
8.7,87.1,71.2,92.0,75.5
5.5,86.9,39.8,77.6,63.4
5.3,76.1,76.0,80.1,77.4
6.3,53.4,91.0,47.6,81.1
8.4,68.6,69.5,96.7,78.9
4.1,96.0,42.6,48.0,57.5
7.1,79.2,69.9,86.5,65.7
6.1,76.9,81.0,55.9,76.9
3.4,63.4,59.4,96.0,60.7
8.9,68.4,87.8,83.2,81.2
8.2,94.8,73.9,85.2,88.8
6.9,83.3,89.0,53.1,74.2
8.7,89.4,72.4,66.6,77.7
8.8,72.7,42.9,77.1,72.2
7.4,81.5,53.6,86.2,65.9
8.5,62.4,47.1,46.2,68.4
7.3,85.3,89.5,97.7,78.8
7.1,71.4,80.6,93.4,72.1
6.6,72.1,75.6,56.2,64.1
7.8,82.5,53.1,89.4,76.9
2.4,96.8,46.0,71.1,49.1
8.9,53.2,80.4,67.7,69.3
8.8,91.2,63.4,58.9,73.9
1.3,64.6,48.5,74.9,43.1
8.4,72.2,72.0,83.8,72.1
2.2,51.1,37.4,64.7,33.1
4.0,65.1,54.6,77.8,65.6
7.7,75.1,63.1,82.0,68.9
2.4,52.8,43.9,82.7,42.9
8.4,74.6,94.1,43.1,77.2
8.5,96.4,47.5,91.6,74.9
5.6,55.3,42.8,67.5,56.7
1.1,88.2,47.2,55.7,48.7
3.6,70.5,81.1,54.5,57.7
6.6,82.8,60.5,69.0,62.0
9.8,63.0,68.9,93.2,87.9
6.7,58.0,36.3,62.7,54.9
3.3,58.0,37.1,85.0,55.7
6.7,53.5,61.7,45.8,48.3
5.9,59.3,84.0,68.6,69.0
8.0,83.2,88.1,99.5,95.6
2.0,94.1,40.2,86.2,49.0
7.8,90.7,67.3,52.6,72.4
5.9,84.3,89.8,70.1,76.4
9.7,55.5,58.3,54.0,67.8
4.1,64.5,84.8,64.6,60.8
6.7,65.5,43.0,86.8,60.8
9.4,62.5,91.1,86.3,82.5
1.9,75.8,80.1,53.7,60.0
9.4,76.8,91.5,95.3,92.3
7.2,67.8,75.6,75.6,74.0
1.6,67.7,56.8,62.8,49.6
3.7,91.4,91.3,70.1,67.8
7.4,89.5,51.5,76.3,66.8
1.6,65.4,54.9,73.6,43.2
6.2,95.7,77.0,69.2,74.3
4.1,97.6,80.9,70.3,63.4
6.6,66.3,90.8,50.6,68.7
1.4,67.7,47.3,88.8,43.4
8.8,75.3,82.9,72.5,92.2
9.8,97.1,79.3,47.9,70.8
9.7,93.8,38.8,86.0,76.4
7.7,55.1,58.2,95.9,78.4
2.2,69.6,52.0,96.8,52.3
7.8,77.7,53.3,62.1,71.9
1.2,75.2,94.0,48.1,55.2
1.2,59.7,73.6,71.1,45.5
3.9,92.9,78.1,46.8,51.5
5.4,83.8,93.6,96.0,79.2
7.9,91.9,57.6,51.0,67.1
7.1,92.9,83.1,55.2,72.6
5.0,87.4,61.1,64.4,60.5
3.5,72.0,87.2,63.0,71.0
10.0,80.5,45.8,87.7,90.0
4.8,58.0,91.9,67.4,67.2
5.1,83.7,48.1,50.2,54.2
2.5,59.0,54.6,56.0,39.4
8.2,84.7,80.4,70.5,82.7
7.2,61.5,58.6,48.8,71.3
3.0,55.9,71.5,76.7,53.4
1.7,58.3,61.7,73.9,35.3
7.1,50.1,79.5,82.9,74.5
6.9,85.9,48.7,96.3,75.3
3.5,86.6,38.5,94.7,47.4
9.6,75.7,53.0,96.8,80.0
2.4,58.1,63.5,54.7,49.5
4.9,54.2,45.1,47.9,48.3
9.5,51.0,56.3,58.1,65.1
4.8,58.3,59.0,93.7,65.3
6.7,94.5,38.4,98.3,66.6
4.6,62.1,70.0,91.6,55.8
3.5,67.7,88.1,46.6,49.0
9.9,55.3,44.1,96.8,79.8
4.7,61.1,70.9,65.4,62.8
9.0,76.0,74.9,40.6,75.7
3.1,80.4,60.2,66.5,52.8
2.9,62.3,77.1,42.8,49.5
1.3,52.9,59.6,72.6,38.5
6.9,69.6,65.3,60.3,64.5
4.3,61.7,35.4,68.4,37.7
8.8,61.0,76.5,76.8,73.8
5.3,98.0,74.7,92.1,72.8
9.7,80.8,37.3,79.7,76.3
2.7,77.8,57.1,66.0,51.8
8.8,70.8,93.7,89.2,90.4
8.0,71.4,60.2,94.3,81.2
7.9,77.0,65.1,47.2,75.0
8.6,84.8,89.6,71.9,87.1
7.8,85.1,78.0,57.1,76.3
6.6,58.6,69.9,42.8,57.3
2.2,75.0,82.9,80.1,63.3
1.3,70.6,86.9,91.8,66.9
9.3,93.5,62.4,49.8,79.2
6.5,81.6,63.5,88.7,81.0
8.2,76.6,58.2,91.2,67.5
5.3,55.8,93.0,94.9,66.1
2.1,80.3,76.8,55.9,59.1
2.1,55.9,40.0,94.2,46.0
7.2,66.9,86.8,59.2,80.1
4.9,57.1,63.8,73.1,58.6
2.8,84.6,39.1,43.0,40.6
5.4,60.3,68.0,42.6,56.7
1.6,69.6,60.0,83.2,42.3
6.2,94.8,87.7,66.7,71.3
3.4,60.2,47.2,55.4,51.3
8.2,75.4,84.6,51.4,81.2
3.8,71.0,68.5,80.2,61.9
5.1,50.9,38.3,40.0,36.9
1.1,89.6,93.3,88.4,61.2
1.7,53.5,65.8,44.8,37.0
4.5,73.7,52.5,51.5,59.8
5.3,78.0,63.2,63.2,59.7
6.4,81.4,86.5,69.1,69.6
3.6,84.4,53.3,61.3,54.8
7.3,62.7,46.6,59.2,57.7
8.7,50.5,42.7,97.8,75.4
8.0,86.2,52.9,78.5,69.2
1.4,76.8,81.8,41.4,44.0
5.3,91.8,63.3,65.8,55.0
1.9,91.1,48.6,92.5,53.2
3.2,92.2,45.0,58.1,49.0
9.9,74.3,55.0,45.7,65.7
2.3,66.7,91.4,85.5,67.6
5.5,89.6,55.6,76.4,68.6
6.6,72.6,94.3,74.2,76.9
7.3,59.2,64.1,43.2,69.9
6.0,92.7,45.7,48.4,63.8
1.1,94.1,88.5,77.4,56.7
3.9,73.3,62.6,52.5,49.8
5.7,53.8,77.6,70.2,68.6
1.8,69.4,94.0,72.7,61.3
4.2,90.2,38.0,57.0,53.5
1.3,95.1,40.8,96.9,46.1
1.7,60.2,78.2,90.5,58.1
4.6,53.3,51.9,83.3,51.0
2.2,93.9,46.1,44.7,46.5
6.1,69.5,37.4,46.4,60.7
7.2,77.1,36.3,69.6,58.6
8.2,98.4,81.5,49.6,72.4
2.8,53.3,43.1,98.7,42.9
2.5,82.4,63.1,49.5,56.6
1.9,53.7,71.4,69.2,50.5
6.7,68.8,60.7,61.8,64.0
7.4,90.2,36.6,78.4,64.1
1.3,71.7,82.0,47.7,53.1
9.4,99.9,35.6,65.8,69.2
1.5,78.0,80.7,56.5,55.1
5.9,66.1,88.6,93.3,70.8
7.4,61.0,61.0,42.4,58.3
8.8,67.5,67.1,94.8,75.5
7.4,68.6,63.6,90.0,70.3
8.2,53.4,58.4,57.9,65.3
4.1,68.5,88.2,87.4,68.8
8.3,73.2,88.6,41.9,58.1
1.7,86.1,55.1,98.0,50.4
9.1,82.8,71.9,71.6,78.8
5.9,85.4,90.6,58.2,81.2
8.4,50.4,92.7,61.8,71.2
5.1,60.9,65.5,44.0,57.1
6.8,83.1,62.2,99.4,81.5
5.7,74.2,51.7,42.4,50.1
7.6,50.3,92.5,79.3,78.3
1.7,90.2,43.6,66.6,43.0
1.5,88.6,69.8,96.9,55.9
3.2,77.4,52.0,54.8,46.5
2.4,53.3,51.7,71.9,41.7
8.8,88.3,59.3,68.9,90.2
3.0,79.2,94.9,82.2,71.4
9.8,89.1,38.3,44.1,75.7
4.0,87.6,69.7,51.6,62.6
2.6,90.2,40.0,52.9,39.0
8.1,75.9,44.3,84.3,71.4
6.9,57.0,61.4,51.3,67.0
5.5,83.6,65.6,74.4,62.5
6.0,81.0,50.5,52.9,65.1
7.5,87.1,54.0,91.7,77.1
3.1,58.5,40.2,96.5,58.3
10.0,59.7,53.2,71.1,71.5
9.8,94.5,93.0,61.1,84.8
6.9,87.5,91.7,54.0,75.5
2.8,95.4,55.1,43.0,59.0
7.1,87.9,69.3,56.1,62.5
1.6,79.9,89.6,79.3,50.0
1.3,82.7,35.4,72.0,43.0
3.3,94.5,83.6,96.6,67.8
5.2,78.9,91.9,63.8,71.2
8.8,81.6,40.5,81.6,76.2
7.5,57.8,44.7,69.4,58.9
7.7,73.7,92.6,70.8,70.7
4.8,85.8,67.3,56.1,72.8
4.1,63.5,35.9,67.3,42.9
4.3,60.1,50.5,68.2,47.2
9.9,65.7,62.0,82.4,84.3
1.4,62.1,76.6,96.4,52.8
8.8,60.7,79.0,59.8,75.3
6.2,71.2,94.7,42.5,73.1
4.9,95.4,52.3,69.8,67.8
7.5,75.4,67.3,72.7,70.8
5.4,59.4,67.0,50.1,66.0
8.9,53.8,59.3,85.6,61.9
9.1,84.8,45.1,99.1,81.0
4.8,69.1,93.6,96.7,69.0
3.5,91.1,86.2,51.8,71.0
6.3,83.0,64.9,92.5,72.7
9.2,89.8,71.2,82.3,80.5
2.9,63.6,48.6,67.2,50.8
6.6,84.6,67.6,72.4,75.6
6.7,63.2,76.7,91.0,76.0
7.6,97.0,65.9,68.8,70.9
2.2,81.8,94.4,62.4,59.3
7.4,66.2,71.7,69.6,71.1
9.2,63.5,57.3,74.7,73.1
2.6,59.5,81.3,51.3,56.8
3.1,84.7,45.2,94.1,45.4
9.7,60.9,58.1,80.5,77.3
2.6,79.8,55.8,78.0,52.1
8.7,63.2,60.9,46.0,64.1
5.4,83.1,81.9,76.3,67.8
3.2,90.7,64.1,47.3,54.6
8.8,88.9,82.6,44.7,62.1
5.0,88.0,69.6,71.6,63.2
5.6,59.4,55.5,64.2,53.4
4.2,54.4,83.6,75.3,64.6
6.3,84.9,49.3,45.4,56.6
2.5,68.4,48.5,65.9,45.8
4.5,71.6,65.3,50.5,64.9
9.7,51.6,50.7,99.2,79.3
3.3,63.0,35.5,73.7,50.4
6.9,51.7,73.9,81.2,66.3
3.9,94.0,65.7,59.5,63.8
8.0,62.2,61.7,45.7,64.6
2.2,77.9,93.0,98.6,65.0
9.7,51.9,69.3,57.2,75.7
5.1,83.3,86.8,65.4,67.4
3.1,66.2,43.4,79.0,56.4
1.7,94.9,69.2,41.5,51.1
2.5,94.4,87.1,88.6,70.1
5.7,66.3,70.0,72.2,72.3
4.0,95.0,78.1,56.7,70.1
8.5,99.8,57.3,43.7,66.4
4.9,91.3,40.5,49.7,57.2
3.2,92.2,62.5,93.7,66.7
6.6,62.5,58.7,81.2,69.8
7.4,78.8,87.0,55.0,70.4
2.5,53.4,49.6,43.9,37.6
2.5,54.7,93.0,81.4,64.8
1.3,99.9,92.5,74.3,59.6
7.6,66.3,49.9,64.3,63.0
7.0,87.4,55.9,61.8,75.9
5.3,90.3,88.7,53.0,70.9
8.6,92.9,93.0,80.2,85.0
8.3,99.9,61.6,98.2,77.9
6.3,62.1,54.3,50.5,60.0
8.8,52.0,66.6,75.8,65.9
2.9,70.6,76.3,65.5,55.7
2.0,56.5,51.4,66.8,45.4
3.4,51.1,79.2,55.2,60.7
1.5,68.0,38.1,89.5,47.0
5.8,89.2,38.0,69.1,56.3
9.4,78.3,58.2,72.6,82.8
1.4,65.6,56.2,58.3,42.1
2.1,82.7,53.9,50.9,41.5
5.1,61.6,64.5,45.2,55.4
9.4,50.7,54.2,82.8,78.9
3.8,88.2,46.5,51.8,53.5
5.6,81.2,53.6,81.4,64.2
1.4,88.1,93.5,63.4,68.3
2.3,51.9,59.7,64.9,38.9
9.9,91.9,61.7,68.2,75.3
9.7,81.0,69.6,62.1,72.3
1.0,78.2,94.0,46.0,56.1
9.6,81.2,49.5,58.6,74.3
6.8,93.2,75.9,79.8,84.9
8.8,79.3,78.0,79.9,83.3
5.1,79.0,71.4,57.2,61.6
5.6,99.5,40.3,67.6,61.7
5.4,87.8,75.6,51.6,67.5
7.0,72.1,38.8,52.6,50.1
2.3,85.4,70.8,41.4,66.1
1.3,69.5,79.4,93.8,58.9
3.8,61.4,47.7,52.6,48.8
7.3,79.8,85.5,53.7,78.3
2.8,96.4,36.8,56.8,52.2
7.1,96.5,85.6,47.6,76.3
9.7,67.1,62.6,78.4,74.8
1.8,76.4,48.1,44.5,45.7
7.1,60.6,43.0,48.1,59.0
5.0,99.8,92.2,78.7,72.9
8.8,99.1,39.4,60.4,78.6
2.6,82.5,46.9,82.5,53.5
7.2,90.2,55.9,73.4,74.7
8.5,85.8,72.2,55.4,83.8
9.5,79.7,67.7,79.0,81.5
7.1,52.7,42.5,47.0,56.8
5.5,72.7,52.4,72.2,64.4
6.6,83.7,49.3,66.2,60.9
8.8,83.9,47.8,56.1,70.6
6.1,68.7,59.7,76.2,65.1
1.3,97.1,77.2,92.3,56.2
9.4,58.4,48.0,99.9,85.6
7.2,75.0,57.0,76.5,61.7
7.1,84.5,58.5,64.3,62.5
2.9,84.9,93.6,53.5,69.8
6.9,82.4,92.3,55.4,80.2
4.5,63.8,83.0,68.8,58.6
6.9,57.8,49.5,62.0,62.9
2.0,81.8,39.1,94.8,56.6
6.9,80.0,54.0,62.1,65.5
10.0,59.0,51.0,62.4,84.5
1.4,85.3,65.4,63.0,42.4
9.8,72.8,81.7,90.2,90.4
4.7,83.4,86.5,79.0,76.8
8.8,91.9,85.7,76.9,90.9
8.0,58.5,56.6,60.0,64.7
6.1,51.0,76.2,89.1,66.3
7.6,89.0,53.8,42.3,69.1
8.9,80.5,38.7,92.2,76.8
4.6,85.0,77.1,70.8,69.9
3.9,91.9,35.6,63.9,57.5
7.0,90.1,59.6,69.8,65.8
8.3,98.0,54.8,80.0,76.0
7.9,76.8,76.6,40.8,67.4
8.2,74.4,81.0,92.3,79.8
4.9,70.1,53.2,66.8,62.2
8.4,57.7,83.7,60.6,75.7
2.1,78.6,52.6,48.3,59.1
5.9,63.9,61.8,66.4,62.9
1.1,96.1,78.6,69.8,57.4
3.9,79.2,76.6,64.2,62.6
4.3,79.6,94.2,80.7,68.1
4.6,67.7,48.5,65.3,53.7
7.3,52.6,74.7,97.7,78.8
4.5,51.6,71.6,76.0,59.5
5.0,71.2,89.9,88.4,68.0
3.1,54.2,44.4,46.6,37.4
4.4,80.3,80.1,63.8,62.8
3.0,94.0,69.1,60.2,59.4
1.7,94.1,51.5,74.2,57.3
6.4,83.0,63.5,91.7,65.1
7.0,60.6,55.0,44.7,58.2
6.6,93.1,69.8,44.4,70.0
5.2,94.3,88.3,91.0,68.0
4.4,59.8,69.2,52.8,51.9
8.8,86.9,72.9,80.1,78.7
5.7,64.3,66.1,72.6,59.6
5.3,90.1,38.1,90.0,62.5
1.2,99.9,49.0,47.5,45.2
4.1,51.5,64.5,47.8,48.4
4.4,94.9,53.6,73.4,63.6
4.6,81.1,45.9,96.8,69.2
6.2,98.7,65.2,64.9,78.9
5.8,73.3,54.4,59.6,50.6
6.5,92.4,50.5,76.4,70.7
7.9,53.1,62.8,95.8,70.6
8.3,66.8,43.0,90.2,69.6
7.5,53.4,90.7,99.7,77.1
9.6,98.8,87.1,41.4,86.3
1.2,90.8,77.5,46.8,53.4
2.8,92.6,41.4,76.6,49.3
1.1,96.9,81.6,89.2,56.6
6.8,54.3,83.5,57.1,66.0
9.1,69.3,81.1,54.4,79.4
3.2,53.6,41.8,87.2,50.5
9.3,60.5,73.6,43.4,77.5
1.5,61.5,85.1,62.2,49.9
9.4,73.5,69.6,70.3,80.4
4.2,63.4,73.8,73.6,65.4
1.9,55.0,62.5,83.7,54.8
5.4,58.4,66.7,61.3,59.5
3.3,57.4,37.1,76.8,44.6
3.6,98.7,73.3,75.1,66.6
3.8,88.0,39.9,72.9,48.1
8.2,98.4,61.1,78.4,77.5
5.9,72.0,52.6,55.6,62.9
3.8,63.9,67.7,45.1,56.4
6.5,89.9,43.0,47.2,59.4
7.4,66.3,76.5,53.5,71.2
3.5,65.0,82.7,70.0,56.4
4.7,61.6,44.8,90.4,59.3
2.1,56.5,41.3,82.1,43.0
2.6,62.8,43.7,87.3,46.5
7.1,67.8,87.6,61.1,72.0
2.6,83.7,66.7,64.3,55.2
5.7,53.1,63.0,63.6,56.8
7.4,60.5,41.4,51.5,61.4
2.0,90.5,74.0,43.7,51.9
6.1,57.3,87.1,75.5,78.2
3.3,67.1,84.7,99.4,72.6
9.7,93.2,72.6,50.0,77.4
5.4,57.7,39.5,42.8,49.1
8.3,54.1,41.7,86.8,62.1
6.0,74.2,38.0,55.2,53.9
1.4,65.1,50.4,89.8,56.5
6.7,78.2,43.1,82.2,62.8
9.6,90.2,50.6,96.7,83.1
6.4,56.9,58.1,64.5,63.6
8.4,79.0,91.6,79.7,79.6
9.0,75.3,71.6,67.9,73.9
3.1,57.2,85.1,77.8,53.5
2.9,81.2,77.6,67.0,55.3
6.5,63.7,41.8,51.3,41.5
4.7,74.4,79.2,70.5,68.4
8.6,54.1,51.5,71.7,77.4
9.1,73.0,73.3,88.6,82.5
4.2,65.3,55.5,84.1,49.9
3.1,91.1,94.9,79.8,66.3
8.0,52.8,50.8,46.8,58.5
3.5,70.9,51.7,83.2,49.3
8.4,72.9,90.8,70.0,86.0
4.8,86.3,36.5,93.6,63.1
7.0,78.7,76.8,95.2,71.8
1.9,83.4,78.5,43.3,57.0
6.6,88.9,85.2,89.2,87.5
5.1,93.1,93.5,42.3,80.4
6.3,65.7,93.5,62.0,86.9
2.5,76.9,38.9,72.5,42.2
7.6,92.0,84.3,48.9,91.7
8.8,99.5,73.8,84.8,83.8
3.0,94.5,73.8,40.5,54.7
1.9,68.6,42.7,50.1,42.3
1.2,59.8,74.0,74.8,46.7
6.8,74.5,93.9,82.9,81.3
6.5,87.1,89.7,95.0,74.7
5.9,74.6,61.3,82.3,65.1
3.1,74.2,37.4,80.3,55.4
4.5,91.9,56.7,63.7,60.4
6.4,68.1,84.6,40.1,68.1
5.5,93.0,77.1,47.2,70.4
9.9,70.3,62.6,72.1,84.2
2.2,66.4,38.3,80.5,36.3
7.3,72.7,60.6,65.0,70.9
4.6,88.1,63.1,83.8,63.9
4.9,56.3,90.7,71.3,67.1
7.5,59.8,73.5,44.5,72.2
7.2,97.6,53.7,51.5,62.6
9.9,58.8,66.5,90.4,74.9
2.2,78.4,39.0,83.5,37.9
1.9,79.0,93.4,93.7,61.8
7.5,74.5,56.6,47.1,71.8
6.2,82.2,63.7,99.4,71.6
3.5,61.5,56.3,52.6,42.6
1.7,77.6,76.0,40.7,47.9
1.8,68.6,74.7,99.8,50.0
9.0,83.1,77.9,56.9,74.4
2.7,57.1,51.1,80.1,50.2
3.9,78.5,53.9,50.6,47.2
3.0,59.3,42.5,74.8,51.9
4.2,63.9,74.3,94.2,63.5
1.6,60.9,37.4,59.2,38.3
5.7,59.1,70.9,80.2,63.7
1.6,91.3,87.2,51.3,61.6
8.2,64.3,88.4,77.5,83.6
3.1,96.4,61.9,60.2,59.4
5.9,98.5,62.6,52.7,69.9
8.9,78.6,39.6,58.8,66.5
6.9,57.2,75.2,50.7,68.5
5.8,68.7,84.3,94.1,71.8
3.9,89.9,49.7,63.8,56.1
4.0,68.4,60.3,54.7,52.6
7.0,54.4,85.3,66.9,68.7
9.9,77.8,87.6,59.2,81.9
7.0,92.3,49.6,84.7,72.9
6.0,89.8,68.0,98.3,80.7
7.6,58.8,46.5,66.3,68.1
5.2,83.6,41.1,91.7,54.7
1.5,61.0,89.7,74.0,61.9
6.1,60.9,84.2,49.4,64.6
9.6,93.7,80.6,81.4,91.7
2.6,62.5,37.9,70.8,39.1
7.2,63.2,85.6,79.0,76.1
2.8,50.0,61.3,93.4,53.8
5.8,93.5,55.5,66.4,58.2
1.9,89.6,67.8,94.1,62.1
5.1,81.4,40.5,85.0,65.8
7.8,87.5,80.4,69.3,78.4
4.1,57.6,69.9,76.2,65.1
7.0,72.9,46.2,59.5,60.9
8.2,67.6,46.3,99.0,75.2
9.3,54.7,46.1,80.0,58.2
3.1,74.3,38.4,42.6,55.7
4.6,96.0,70.3,59.6,72.8
2.4,52.0,85.4,77.4,54.6
9.9,64.6,36.0,43.4,55.0
9.3,60.4,37.9,41.4,63.7
5.9,61.9,69.4,67.0,56.7
8.6,95.4,84.2,60.0,85.7
5.7,73.4,54.6,66.3,63.0
6.6,73.3,56.0,55.8,58.2
1.8,88.0,70.8,49.9,58.2
7.8,57.7,51.5,81.3,70.5
2.1,74.4,36.6,70.9,48.7
8.4,71.5,79.1,52.0,75.3
8.0,79.8,72.5,59.2,67.5
7.4,100.0,69.8,75.5,83.1
1.3,88.5,79.5,44.3,51.4
3.7,69.9,75.5,48.8,50.0
3.4,91.4,47.4,44.4,57.8
4.2,58.5,56.1,88.7,67.0
1.8,51.5,42.6,85.1,41.9
9.4,60.2,42.8,85.2,81.4
6.0,67.0,75.6,83.0,70.0
3.7,75.5,86.5,80.2,64.1
4.6,80.8,92.8,68.6,67.2
5.0,95.5,72.7,78.5,78.4
6.4,75.5,46.0,42.3,53.7
5.6,75.1,41.3,77.3,62.3
9.3,52.5,83.8,86.7,78.4
5.5,51.7,69.7,70.0,58.7
9.9,77.6,72.1,61.5,86.2
8.7,71.9,81.9,56.6,76.0
2.9,92.0,77.2,78.6,61.5
9.4,58.0,85.1,81.6,87.9
2.0,51.2,38.4,92.3,50.6
8.4,72.5,79.9,60.5,80.2
4.4,61.9,86.1,86.2,63.3
8.9,52.5,52.2,73.7,65.8
8.8,86.2,73.4,93.0,84.4
8.3,55.6,53.8,71.7,68.7
8.1,80.4,92.5,71.1,77.9
3.7,64.1,37.0,74.7,51.7
1.7,58.7,69.8,85.0,51.8
4.6,69.0,45.0,97.9,49.5
2.6,90.1,77.7,44.4,52.4
7.3,69.6,45.6,43.2,57.1
4.1,87.5,49.1,96.3,60.7
9.8,56.3,64.7,71.8,85.2
6.8,88.6,89.9,76.9,81.2
8.4,61.8,47.7,68.9,62.2
2.2,83.9,43.7,45.6,45.5
8.8,78.3,80.5,86.1,81.8
9.3,96.5,65.0,84.8,85.7
5.4,69.4,89.7,58.7,71.4
6.5,53.3,43.8,58.4,61.4
7.9,51.0,73.8,90.3,73.4
2.6,91.3,49.0,44.3,56.9
5.5,76.2,44.4,92.9,66.3
4.6,88.8,76.0,55.4,61.4
2.3,61.7,70.6,75.6,64.0
4.3,67.3,80.3,96.2,68.7
1.6,51.5,53.6,80.7,39.9
1.2,98.1,61.9,64.9,60.4
2.2,83.4,59.3,81.4,64.8
9.7,96.7,94.0,60.6,90.4
5.9,63.3,52.5,56.6,55.0
9.7,80.6,52.7,99.8,80.0
4.9,83.9,56.3,85.0,67.1
3.8,65.9,68.9,78.7,65.3
5.6,92.4,50.1,61.3,65.2
5.0,97.4,89.9,42.9,70.9
2.0,94.2,50.9,41.9,54.9
6.8,87.0,88.7,73.3,77.2
2.9,63.9,41.2,85.7,53.3
6.6,64.1,74.4,72.2,67.6
6.9,98.2,89.4,90.4,86.3
2.4,50.5,45.1,42.0,37.8
1.6,85.8,93.1,62.0,59.7
8.0,85.3,62.2,54.2,70.0
5.1,81.1,91.7,66.8,78.3
1.5,99.5,75.6,44.3,50.8
10.0,65.6,53.1,97.2,74.9
1.5,67.0,46.3,53.4,51.2
7.3,53.9,53.2,95.3,71.5
9.9,72.1,40.6,65.6,59.2
3.2,63.1,43.6,99.1,48.9
2.3,67.2,41.3,73.2,35.8
2.1,91.7,60.4,95.8,53.4
3.7,96.8,82.7,40.3,47.5
1.9,59.3,43.5,84.9,43.6
7.2,68.6,42.8,94.2,60.2
1.6,96.4,73.6,48.4,54.5
5.6,53.1,46.8,45.8,43.0
10.0,54.6,40.9,65.5,68.4
8.3,58.1,45.0,96.0,66.5
6.5,79.8,90.4,72.5,84.2
3.8,57.5,84.3,71.6,67.9
6.6,98.4,56.2,48.5,70.8
5.7,72.3,74.3,40.0,61.1
4.8,75.1,67.2,88.6,75.2
2.2,62.3,75.6,45.3,41.9
9.0,73.5,76.0,78.0,73.7
5.0,83.1,72.7,94.9,69.7
2.8,87.6,51.0,52.5,61.8
4.3,87.7,37.3,79.9,54.8
4.7,78.9,62.3,44.7,56.7
8.4,95.2,88.5,76.2,79.2
7.6,90.9,69.2,49.8,77.7
7.9,87.9,84.9,84.2,88.1
1.1,52.8,94.5,58.1,55.4
4.7,50.3,44.8,67.8,47.0
5.3,60.6,76.5,76.0,61.5
1.2,83.2,75.5,50.3,44.6
3.3,70.6,93.8,84.5,66.9
7.8,70.1,94.1,58.2,72.9
2.2,94.2,76.2,79.7,55.5
5.8,94.8,49.6,49.5,59.4
2.9,95.5,82.9,81.3,63.9
1.1,65.7,41.4,47.7,33.9
3.2,84.6,81.8,65.5,64.8
9.8,63.6,89.6,54.8,82.5
8.2,59.5,58.0,84.9,69.3
9.6,59.2,72.8,55.7,76.6
5.4,67.1,60.8,92.9,59.5
2.0,71.5,61.3,93.5,54.2
5.9,91.5,53.6,51.8,63.6
5.1,56.0,80.7,76.8,57.3
8.6,86.7,91.2,45.3,86.6
1.9,76.6,91.4,63.5,54.5
5.4,64.4,45.5,82.8,58.3
2.4,74.6,87.5,79.6,67.3
3.9,65.0,79.2,77.5,66.7
7.6,79.8,50.2,57.0,66.3
5.3,71.7,39.0,62.7,52.2
4.4,58.2,51.1,46.2,54.0
4.6,55.8,89.7,83.1,70.0
5.1,77.3,73.0,70.2,62.6
8.1,95.1,78.3,82.5,79.3
9.0,67.2,50.4,54.9,57.9
9.6,86.7,78.2,59.5,84.1
8.1,82.9,36.7,60.1,64.5
3.8,96.6,57.5,41.5,61.8
7.2,91.0,72.6,60.5,76.1
4.9,78.3,43.8,88.2,65.9
3.3,82.9,84.4,93.8,64.0
8.6,94.9,49.1,71.1,80.2
1.3,70.0,74.1,67.3,48.2
9.1,66.3,59.3,41.8,73.1
5.2,50.5,70.8,92.8,56.2
6.7,91.3,41.4,40.8,61.4
6.9,90.0,36.0,96.7,57.5
9.1,55.2,89.6,69.4,78.8
6.7,78.8,51.2,60.5,65.8
6.5,73.2,84.2,95.5,74.4
1.6,55.9,95.0,41.5,46.3
5.7,99.0,47.7,74.9,69.5
2.4,60.7,50.9,72.9,46.2
7.6,53.4,74.8,53.2,65.3
5.6,79.7,92.9,65.7,73.5
7.1,86.9,89.9,79.1,94.2
1.4,51.6,65.2,83.6,53.1
1.8,82.9,82.7,40.0,59.5
7.4,76.6,43.1,96.2,70.8
1.6,55.2,93.6,49.9,53.0
1.6,58.6,92.9,54.0,41.3
1.1,78.4,44.8,55.8,37.9
9.6,64.8,53.0,42.3,66.4
7.6,96.9,41.0,47.4,56.0
4.2,90.9,51.3,99.2,57.4
3.7,99.2,84.0,58.9,56.9
4.1,63.0,57.7,46.9,51.1
8.0,98.5,40.3,46.4,70.8
7.0,71.6,55.5,83.2,73.5
2.7,67.4,93.9,91.3,66.9
2.6,52.5,72.8,55.4,44.9
1.9,52.6,60.0,41.3,31.7
6.9,84.6,45.0,53.4,53.8
7.9,72.9,94.2,43.4,70.7
3.4,61.3,84.3,46.2,51.9
1.2,80.7,51.9,65.9,45.0
1.7,62.6,39.2,53.8,33.2
9.7,78.9,38.4,71.0,73.6
3.7,68.0,42.2,55.2,46.3
7.9,91.2,69.8,96.4,81.3
6.6,91.0,90.7,94.4,88.4
4.4,73.9,64.8,74.0,54.8
2.9,67.5,85.6,61.3,60.6
2.1,68.1,61.8,62.9,48.9
6.5,90.3,77.5,64.7,72.1
8.0,66.4,78.9,83.7,81.9
6.8,60.5,45.4,67.1,64.0
5.8,54.2,56.7,91.4,57.1
1.4,73.3,73.2,96.6,55.1
9.7,74.1,39.2,60.2,71.0
8.2,92.0,56.7,73.6,73.8
3.6,61.1,67.1,45.7,54.7
9.8,69.0,94.8,52.0,85.7
6.4,90.4,63.5,64.8,78.4
6.2,91.2,84.0,52.4,65.3
7.7,69.2,60.9,92.6,72.3
8.3,73.0,82.8,49.5,71.4
6.9,65.2,70.7,67.3,71.5
2.2,96.6,88.2,76.3,56.8
4.0,55.9,59.7,81.5,57.0
9.4,96.7,71.3,63.0,79.9
3.0,84.2,72.8,92.1,59.3
4.3,76.6,60.0,74.1,52.3
4.9,51.6,43.7,66.4,48.2
5.0,73.8,40.6,44.0,56.5
6.5,70.4,36.0,67.9,57.7
9.5,58.1,87.4,89.2,87.6
3.2,82.8,49.2,76.9,62.4
2.1,98.6,47.7,89.9,56.2
2.8,78.1,79.2,69.6,56.8
9.0,85.7,54.2,47.1,74.3
6.8,53.4,65.4,40.8,57.5
3.6,70.9,44.8,58.2,46.4
8.3,55.8,92.6,81.9,72.7
8.8,80.6,86.1,87.4,90.5
8.6,96.9,86.8,57.7,82.2
9.3,83.1,59.4,69.7,78.4
3.3,53.8,80.7,65.3,51.1
7.8,67.7,43.6,64.6,65.8
5.1,77.5,35.5,53.9,48.3
8.6,70.2,36.2,48.2,61.5
7.6,91.7,70.2,51.8,78.2
8.0,90.7,62.3,43.3,75.3
6.9,80.6,66.1,51.9,67.8
2.6,68.7,35.4,40.6,30.7
5.9,62.8,60.4,77.6,77.9
9.9,55.3,78.1,59.0,86.7
9.4,67.7,61.6,98.4,83.3
1.4,70.7,78.9,51.6,46.7
2.5,83.8,49.0,60.7,48.7
2.2,82.9,83.8,61.5,55.9
7.5,53.5,70.3,40.5,70.4
8.4,69.8,47.6,90.4,72.5
2.9,59.1,49.2,41.9,39.1
5.6,57.8,72.7,96.4,65.1
8.6,91.4,84.8,93.5,93.5
7.6,52.1,59.9,72.1,73.8
5.9,71.0,50.5,72.6,68.5
6.3,58.4,87.0,79.2,75.5
5.6,94.0,75.2,63.2,69.2
3.7,77.9,61.9,78.8,42.7
6.1,61.6,64.3,42.7,60.9
7.2,75.1,47.3,43.2,60.9
8.9,86.6,72.6,67.4,81.1
6.7,97.9,56.5,73.0,71.2
7.9,61.0,94.7,93.3,75.6
2.4,94.3,63.8,46.3,56.1
5.2,96.7,64.2,89.4,73.4
1.1,95.8,69.0,52.6,55.0
3.2,81.8,90.0,63.6,68.8
7.5,81.5,83.0,59.0,79.3
9.9,70.2,62.1,64.0,74.9
1.9,87.6,78.1,49.0,54.6
4.6,76.6,70.2,70.2,63.5
8.2,83.9,64.5,88.1,78.6
2.8,71.4,46.5,66.5,53.0
6.0,86.6,62.8,69.4,70.8
7.6,91.2,49.7,90.9,83.8
6.5,57.3,89.9,82.4,84.6
2.7,91.6,55.1,69.4,55.1
4.2,77.0,92.1,55.5,46.9
8.1,92.2,67.0,93.1,87.0
6.0,71.6,72.9,74.6,65.7
1.0,69.0,67.6,53.3,41.6
7.8,95.8,42.8,56.1,65.7
1.3,62.6,57.5,88.2,45.3
7.7,92.2,40.9,42.6,67.1
2.8,74.2,72.4,99.5,53.5
9.6,75.7,61.8,47.8,69.1
4.3,65.4,81.7,87.8,67.5
3.9,78.7,48.2,63.7,56.5
2.3,66.3,44.9,69.5,48.4
3.8,52.0,59.4,92.8,51.5
8.9,63.6,90.6,64.8,75.9
10.0,50.3,77.6,72.2,76.6
4.3,98.9,60.1,43.0,60.5
5.0,98.3,66.0,40.1,70.4
7.5,69.8,40.1,54.7,50.2
9.0,86.4,94.1,80.8,88.0
6.3,67.3,75.0,47.3,58.4
4.5,83.6,52.1,46.8,46.9
4.7,90.3,70.1,64.7,70.1
7.3,97.3,41.6,78.9,72.0
1.0,70.0,93.0,82.7,60.1
6.6,89.2,45.5,50.7,66.8
4.2,63.3,73.9,44.8,53.9
8.1,99.5,49.7,96.4,75.5
1.8,51.3,78.1,55.6,59.3
6.3,80.2,81.6,91.2,75.0
5.3,83.0,75.4,91.8,75.2
6.8,84.4,71.9,86.4,75.2
1.6,56.0,88.5,50.1,41.6
6.2,96.9,39.7,89.3,56.2
6.1,59.1,54.9,86.2,59.7
6.0,81.1,49.9,75.8,68.8
6.4,61.1,94.3,60.2,75.9
7.1,65.4,58.4,55.8,68.4
8.2,77.3,79.0,47.3,70.0
3.4,70.9,76.1,70.6,67.6
8.4,58.0,47.7,75.1,61.8
5.5,58.5,49.3,61.6,56.0
1.7,70.9,51.9,68.5,45.9
1.5,87.9,59.7,61.8,49.1
4.0,94.9,49.1,78.5,66.2
8.1,54.2,36.2,94.1,60.6
7.4,69.7,87.8,49.8,66.9
8.1,55.0,92.9,62.9,76.8
5.7,50.8,55.5,48.5,52.0
5.0,83.1,55.3,77.5,79.2
2.3,80.1,35.4,83.7,50.6
4.0,58.2,75.8,95.9,60.7
4.9,61.7,84.5,56.7,58.1
1.8,51.2,43.8,97.0,34.8
3.0,91.7,44.6,43.8,43.7
6.4,98.7,82.4,76.2,78.9
7.6,56.8,72.0,43.4,73.2
10.0,61.6,37.7,93.6,78.3
9.4,93.4,72.4,71.8,85.2
6.8,96.3,53.5,80.2,69.5
4.8,71.0,57.1,89.9,63.0
6.7,52.5,81.2,49.0,63.1
8.1,52.0,83.7,42.3,78.8
2.1,78.7,59.0,92.7,53.7
4.7,69.6,91.8,58.9,66.3
8.6,51.4,59.4,47.7,54.3
4.5,79.2,81.3,68.1,65.2
6.1,50.6,64.0,75.9,66.2
6.3,89.4,88.9,41.9,67.5
2.7,65.3,89.5,56.5,54.1
4.3,52.0,40.2,42.0,47.8
4.0,79.4,91.2,65.2,59.6
1.2,69.9,84.5,93.7,62.9
1.2,98.7,82.5,99.0,60.9
8.5,77.2,47.1,78.2,69.1
3.5,63.8,83.3,49.7,51.8
5.7,85.5,86.0,94.4,78.9
3.7,63.6,52.3,71.0,64.3
9.5,95.2,92.1,49.2,91.2
3.3,68.7,38.0,95.3,46.7
4.9,77.5,44.0,85.4,64.3
8.9,52.5,67.3,83.9,72.8
8.6,71.3,69.5,82.6,84.5
2.7,91.6,73.7,52.0,61.7
8.2,90.3,36.0,52.7,50.7
5.1,61.2,92.6,81.3,65.0
5.3,61.3,37.7,53.2,54.8
2.2,90.9,43.6,66.3,49.7
1.7,96.5,35.8,86.9,43.9
7.6,54.8,69.0,87.0,68.1
5.5,72.5,90.9,67.2,61.6
4.9,66.9,75.0,87.5,65.7
7.6,93.5,84.4,90.3,95.2
7.9,54.2,35.8,79.3,65.1
2.4,60.6,67.5,53.7,59.8
6.5,87.6,62.6,56.4,71.9
2.2,52.6,64.9,58.9,51.7
7.8,74.6,39.3,47.0,70.9
6.9,72.1,76.1,56.4,71.7
9.6,66.7,65.2,52.6,73.5
1.6,69.7,80.9,67.3,59.1
1.5,76.5,64.1,94.5,61.2
3.5,58.1,44.0,46.3,41.6
